Path,Length
/Bengali/1250/Regional-Kolkata-Bengali-1250-20193191484.mp3,577.9330612244898
/Bengali/1250/Regional-Kolkata-Bengali-1250-20192214245.mp3,575.5036734693878
/Bengali/1250/Regional-Kolkata-Bengali-1250-2019591494.mp3,597.7861224489795
/Bengali/1250/Regional-Kolkata-Bengali-1250-20193215730.mp3,574.3542857142858
/Bengali/1250/Regional-Kolkata-Bengali-1250-20193261409.mp3,551.1836734693877
/Bengali/1250/Regional-Kolkata-Bengali-1250-20192914451.mp3,598.3608163265307
/Bengali/735/Regional-Agartala-Bengali-0735-2019168556.mp3,352.908
/Bengali/735/Regional-Agartala-Bengali-0735-2019298324.mp3,367.308
/Bengali/735/Regional-Agartala-Bengali-0735-2019159741.mp3,308.988
/Bengali/735/Regional-Agartala-Bengali-0735-2019338352.mp3,364.932
/Bengali/735/Regional-Agartala-Bengali-0735-2019411872.mp3,376.38
/Kannada/705/Regional-Dharwad-Kannada-0705-201941892.mp3,622.368
/Kannada/705/Regional-Dharwad-Kannada-0705-2019128228.mp3,633.816
/Kannada/705/Regional-Dharwad-Kannada-0705-2019179126.mp3,601.848
/Kannada/705/Regional-Dharwad-Kannada-0705-2019259253.mp3,590.904
/Kannada/1430/Regional-Bangalore-Kannada-1430-20191416832.mp3,299.808
/Kannada/1430/Regional-Bangalore-Kannada-1430-20193201511.mp3,585.468
/Kannada/1430/Regional-Bangalore-Kannada-1430-20191318553.mp3,314.316
/Kannada/1430/Regional-Bangalore-Kannada-1430-20191617032.mp3,313.236
